"Statistics generated from C:\Users\fjp\Documents\Comsol tutorial\Files\tutorial.sip on 02/17/11 13:34:42",,,,,,
"Mask Name","MPH domain","Number of Voxels","Volume (mm^3)","Surface Area (mm^2)","Mean Grey Scale","Std. Deviation of Grey Scale"
"Skin",1,364215,"4.04707e+06","1,84E+005","43.8","47.6"
"Fat",2,331990,"3.689e+06","1,74E+005","46.9","48.2"
"Muscle",3,221985,"2.46665e+06","1,82E+005",18.02.2011,12.07.2011
"Blood",4,104,"1155.62","2.30e+03",30.08.2011,26.02.2011
"Bone",5,13373,148598,"29.9e+03","38.1","44.7"
"Bone marrow",6,4779,"53103.1","16.9e+03","94.0",20.08.2011
"Electrodes",7,384,"4266.92","2.98e+03",01.01.2023,"6,88E-001"
"Totals",,936830,"1.04098e+07","5,92E+005","39.0","43.9"
